{"cameraMode":{"drawMode":0,"name":"Shaded","section":"Shading Mode"},"sceneLighting":true,"audioPlay":false,"sceneViewState":{"showFog":true,"showMaterialUpdate":false,"showSkybox":true,"showFlares":true,"showImageEffects":true,"showParticleSystems":true},"in2DMode":false,"pivot":{"x":-1.8525142669677735,"y":1.7896943092346192,"z":1.2080597877502442},"rotation":{"x":-0.06618249416351319,"y":0.8688695430755615,"z":-0.12094532698392868,"w":-0.47545552253723147},"size":10.496694564819336,"orthographic":false}